name,email
Usuario 1,carboisabel@hotmail.com
Usuario 2,borjaangulo@belda-vilaplana.net
Usuario 3,xjaen@diez-carbo.com
Usuario 4,igalan@hotmail.com
Usuario 5,rosselloporfirio@hotmail.com
Usuario 6,cozarreynaldo@gmail.com
Usuario 7,antonialara@oller.net
Usuario 8,tberenguer@yahoo.com
Usuario 9,noe49@hotmail.com
Usuario 10,anselmaamor@flor.es
Usuario 11,julia71@hotmail.com
Usuario 12,grandepaca@gmail.com
Usuario 13,estevezbruno@bayo.com
Usuario 14,amancio13@hotmail.com
Usuario 15,luzaranzazu@naranjo.org
Usuario 16,guerreroroxana@gmail.com
Usuario 17,znicolau@ibarra.net
Usuario 18,acalderon@luis.es
Usuario 19,ksalmeron@hotmail.com
Usuario 20,respanol@iborra-benet.es
Usuario 21,dulce94@casanova-solis.org
Usuario 22,mgiron@olmo-mayoral.net
Usuario 23,humberto69@hotmail.com
Usuario 24,benetsol@company.com
Usuario 25,casaseduardo@hotmail.com
Usuario 26,teo67@hotmail.com
Usuario 27,obduliamateu@hurtado.es
Usuario 28,bautistahernando@hotmail.com
Usuario 29,joserocamora@lobo-cortes.net
Usuario 30,tsalas@hotmail.com
Usuario 31,arevalorosalinda@gmail.com
Usuario 32,xpujol@gmail.com
Usuario 33,laragargallo@gmail.com
Usuario 34,plazarico@hotmail.com
Usuario 35,liliananovoa@gmail.com
Usuario 36,rsalamanca@gmail.com
Usuario 37,crespiabilio@sanjuan-soriano.org
Usuario 38,jose-ignacio32@calatayud.com
Usuario 39,despada@pinilla-moran.net
Usuario 40,buendiamacario@gmail.com
Usuario 41,huertasheraclio@corominas.com
Usuario 42,lgilabert@villaverde.net
Usuario 43,barreramariana@barcelo-ayllon.es
Usuario 44,habellan@figueras.com
Usuario 45,masanunciacion@yahoo.com
Usuario 46,encarnacionmascaro@yahoo.com
Usuario 47,jmarques@gmail.com
Usuario 48,ruy24@molina-belmonte.com
Usuario 49,bibianahierro@sevilla.org
Usuario 50,juliangaspar@lara.es
Usuario 51,ncastell@amores.com
Usuario 52,vicenta01@hotmail.com
Usuario 53,rmoya@lorenzo.es
Usuario 54,arteagajose-ignacio@beltran-sarabia.es
Usuario 55,cperea@hotmail.com
Usuario 56,dimas82@gascon.es
Usuario 57,icardona@company.com
Usuario 58,teodora81@gmail.com
Usuario 59,azorinpancho@gmail.com
Usuario 60,oliveraberta@pellicer-bayon.es
Usuario 61,frio@hotmail.com
Usuario 62,porcelnicodemo@hotmail.com
Usuario 63,loretosuarez@suarez.net
Usuario 64,ferreramanu@gmail.com
Usuario 65,jbermudez@pardo-fernandez.com
Usuario 66,juanitocuervo@hotmail.com
Usuario 67,raulcuellar@abascal.com
Usuario 68,coral66@fiol.com
Usuario 69,pintocleto@nunez-lamas.com
Usuario 70,marintrinidad@gmail.com
Usuario 71,jsegarra@yahoo.com
Usuario 72,blas39@hotmail.com
Usuario 73,rosalva71@perez.com
Usuario 74,buenoangeles@delgado.es
Usuario 75,plazatrinidad@hotmail.com
Usuario 76,paulinabolanos@yahoo.com
Usuario 77,fgimenez@gmail.com
Usuario 78,rosauracamara@revilla.com
Usuario 79,pintoralbina@gmail.com
Usuario 80,castanedaleocadio@gmail.com
